,Supplier_Lead_Time,Inventory_Levels,Order_Frequency,Delivery_Performance,Cost_Per_Unit
Supplier_Lead_Time,1.0,0.30409758895717964,-0.8731340552443854,-0.9089742808258093,0.9515522042345214
Inventory_Levels,0.30409758895717964,1.0,-0.2033248229296518,-0.27259276752100114,0.31461091113278045
Order_Frequency,-0.8731340552443854,-0.2033248229296518,1.0,0.8152069667804707,-0.8195608550719453
Delivery_Performance,-0.9089742808258093,-0.27259276752100114,0.8152069667804707,1.0,-0.8900656059682378
Cost_Per_Unit,0.9515522042345214,0.31461091113278045,-0.8195608550719453,-0.8900656059682378,1.0
